,Experiment name:,Sample experiment
Duration:,1 0,
Rate:,20 per second,
Sensors:,Respiration (ID 1  Exp 1),
Range:,Arb,
Units:,Arb,
Time,Count,
'-0:0:0.0,2317,
'0:0:0.05,2321,
'0:0:0.1,2341,
'0:0:0.15,2372,
'0:0:0.2,2403,
'0:0:0.25,2420,
'0:0:0.3,2420,
'0:0:0.35,2403,
'0:0:0.4,2350,
'0:0:0.45,2315,
'0:0:0.5,2341,
'0:0:0.55,2374,
'0:0:0.6,2401,
'0:0:0.65,2437,
'0:0:0.7,2475,
'0:0:0.75,2509,
'0:0:0.8,2547,
'0:0:0.85,2575,
'0:0:0.9,2630,
'0:0:0.95,2675,
'0:0:1.0,2667,
'0:0:1.05,2651,
'0:0:1.1,2670,
'0:0:1.15,2697,
'0:0:1.2,2689,
'0:0:1.25,2661,
'0:0:1.3,2678,
'0:0:1.35,2754,
'0:0:1.4,2817,
'0:0:1.45,2821,
'0:0:1.5,2811,
'0:0:1.55,2825,
'0:0:1.6,2851,
'0:0:1.65,2914,
'0:0:1.7,3021,
'0:0:1.75,3072,
'0:0:1.8,3079,
'0:0:1.85,3098,
'0:0:1.9,3122,
'0:0:1.95,3099,
'0:0:2.0,3041,
'0:0:2.05,3038,
'0:0:2.1,3100,
'0:0:2.15,3134,
'0:0:2.2,3110,
'0:0:2.25,3085,
'0:0:2.3,3096,
'0:0:2.35,3106,
'0:0:2.4,3129,
'0:0:2.45,3201,
'0:0:2.5,3238,
'0:0:2.55,3198,
'0:0:2.6,3148,
'0:0:2.65,3075,
'0:0:2.7,2975,
'0:0:2.75,2889,
'0:0:2.8,2820,
'0:0:2.85,2832,
'0:0:2.9,2853,
'0:0:2.95,2783,
'0:0:3.0,2694,
'0:0:3.05,2661,
'0:0:3.1,2657,
'0:0:3.15,2669,
'0:0:3.2,2654,
'0:0:3.25,2622,
'0:0:3.3,2623,
'0:0:3.35,2658,
'0:0:3.4,2662,
'0:0:3.45,2620,
'0:0:3.5,2582,
'0:0:3.55,2564,
'0:0:3.6,2536,
'0:0:3.65,2494,
'0:0:3.7,2524,
'0:0:3.75,2584,
'0:0:3.8,2553,
'0:0:3.85,2509,
'0:0:3.9,2516,
'0:0:3.95,2536,
'0:0:4.0,2552,
'0:0:4.05,2526,
'0:0:4.1,2447,
'0:0:4.15,2423,
'0:0:4.2,2437,
'0:0:4.25,2399,
'0:0:4.3,2340,
'0:0:4.35,2320,
'0:0:4.4,2336,
'0:0:4.45,2383,
'0:0:4.5,2515,
'0:0:4.55,2583,
'0:0:4.6,2548,
'0:0:4.65,2533,
'0:0:4.7,2547,
'0:0:4.75,2580,
'0:0:4.8,2598,
'0:0:4.85,2578,
'0:0:4.9,2605,
'0:0:4.95,2669,
'0:0:5.0,2699,
'0:0:5.05,2706,
'0:0:5.1,2728,
'0:0:5.15,2753,
'0:0:5.2,2767,
'0:0:5.25,2757,
'0:0:5.3,2728,
'0:0:5.35,2750,
'0:0:5.4,2825,
'0:0:5.45,2863,
'0:0:5.5,2858,
'0:0:5.55,2847,
'0:0:5.6,2845,
'0:0:5.65,2840,
'0:0:5.7,2861,
'0:0:5.75,2908,
'0:0:5.8,2929,
'0:0:5.85,2910,
'0:0:5.9,2898,
'0:0:5.95,2910,
'0:0:6.0,2910,
'0:0:6.05,2860,
'0:0:6.1,2781,
'0:0:6.15,2769,
'0:0:6.2,2796,
'0:0:6.25,2786,
'0:0:6.3,2748,
'0:0:6.35,2720,
'0:0:6.4,2703,
'0:0:6.45,2699,
'0:0:6.5,2679,
'0:0:6.55,2605,
'0:0:6.6,2563,
'0:0:6.65,2589,
'0:0:6.7,2589,
'0:0:6.75,2545,
'0:0:6.8,2490,
'0:0:6.85,2471,
'0:0:6.9,2470,
'0:0:6.95,2451,
'0:0:7.0,2471,
'0:0:7.05,2554,
'0:0:7.1,2624,
'0:0:7.15,2650,
'0:0:7.2,2665,
'0:0:7.25,2675,
'0:0:7.3,2664,
'0:0:7.35,2633,
'0:0:7.4,2611,
'0:0:7.45,2626,
'0:0:7.5,2642,
'0:0:7.55,2613,
'0:0:7.6,2573,
'0:0:7.65,2566,
'0:0:7.7,2562,
'0:0:7.75,2511,
'0:0:7.8,2474,
'0:0:7.85,2480,
'0:0:7.9,2467,
'0:0:7.95,2453,
'0:0:8.0,2447,
'0:0:8.05,2445,
'0:0:8.1,2437,
'0:0:8.15,2412,
'0:0:8.2,2410,
'0:0:8.25,2456,
'0:0:8.3,2464,
'0:0:8.35,2404,
'0:0:8.4,2356,
'0:0:8.45,2368,
'0:0:8.5,2398,
'0:0:8.55,2393,
'0:0:8.6,2440,
'0:0:8.65,2534,
'0:0:8.7,2561,
'0:0:8.75,2542,
'0:0:8.8,2550,
'0:0:8.85,2593,
'0:0:8.9,2616,
'0:0:8.95,2585,
'0:0:9.0,2598,
'0:0:9.05,2680,
'0:0:9.1,2725,
'0:0:9.15,2706,
'0:0:9.2,2690,
'0:0:9.25,2694,
'0:0:9.3,2692,
'0:0:9.35,2688,
'0:0:9.4,2789,
'0:0:9.45,2895,
'0:0:9.5,2862,
'0:0:9.55,2815,
'0:0:9.6,2836,
'0:0:9.65,2880,
'0:0:9.7,2900,
'0:0:9.75,2855,
'0:0:9.8,2811,
'0:0:9.85,2825,
'0:0:9.9,2854,
'0:0:9.95,2854,
'0:0:10.0,2817,
'0:0:10.05,2773,
'0:0:10.1,2715,
'0:0:10.15,2651,
'0:0:10.2,2614,
'0:0:10.25,2632,
'0:0:10.3,2659,
'0:0:10.35,2636,
'0:0:10.4,2574,
'0:0:10.45,2547,
'0:0:10.5,2593,
'0:0:10.55,2665,
'0:0:10.6,2649,
'0:0:10.65,2633,
'0:0:10.7,2688,
'0:0:10.75,2679,
'0:0:10.8,2616,
'0:0:10.85,2567,
'0:0:10.9,2537,
'0:0:10.95,2530,
'0:0:11.0,2516,
'0:0:11.05,2487,
'0:0:11.1,2471,
'0:0:11.15,2489,
'0:0:11.2,2519,
'0:0:11.25,2534,
'0:0:11.3,2534,
'0:0:11.35,2523,
'0:0:11.4,2484,
'0:0:11.45,2475,
'0:0:11.5,2536,
'0:0:11.55,2559,
'0:0:11.6,2510,
'0:0:11.65,2440,
'0:0:11.7,2393,
'0:0:11.75,2403,
'0:0:11.8,2396,
'0:0:11.85,2349,
'0:0:11.9,2372,
'0:0:11.95,2456,
'0:0:12.0,2482,
'0:0:12.05,2474,
'0:0:12.1,2495,
'0:0:12.15,2536,
'0:0:12.2,2592,
'0:0:12.25,2603,
'0:0:12.3,2590,
'0:0:12.35,2637,
'0:0:12.4,2707,
'0:0:12.45,2721,
'0:0:12.5,2715,
'0:0:12.55,2717,
'0:0:12.6,2715,
'0:0:12.65,2684,
'0:0:12.7,2616,
'0:0:12.75,2610,
'0:0:12.8,2691,
'0:0:12.85,2756,
'0:0:12.9,2775,
'0:0:12.95,2778,
'0:0:13.0,2807,
'0:0:13.05,2858,
'0:0:13.1,2891,
'0:0:13.15,2942,
'0:0:13.2,3026,
'0:0:13.25,3053,
'0:0:13.3,3033,
'0:0:13.35,3024,
'0:0:13.4,3046,
'0:0:13.45,3068,
'0:0:13.5,3064,
'0:0:13.55,3030,
'0:0:13.6,3065,
'0:0:13.65,3141,
'0:0:13.7,3143,
'0:0:13.75,3097,
'0:0:13.8,3053,
'0:0:13.85,3040,
'0:0:13.9,2990,
'0:0:13.95,2902,
'0:0:14.0,2875,
'0:0:14.05,2891,
'0:0:14.1,2846,
'0:0:14.15,2763,
'0:0:14.2,2680,
'0:0:14.25,2638,
'0:0:14.3,2613,
'0:0:14.35,2586,
'0:0:14.4,2636,
'0:0:14.45,2750,
'0:0:14.5,2800,
'0:0:14.55,2746,
'0:0:14.6,2686,
'0:0:14.65,2708,
'0:0:14.7,2773,
'0:0:14.75,2771,
'0:0:14.8,2661,
'0:0:14.85,2591,
'0:0:14.9,2641,
'0:0:14.95,2672,
'0:0:15.0,2604,
'0:0:15.05,2527,
'0:0:15.1,2479,
'0:0:15.15,2467,
'0:0:15.2,2449,
'0:0:15.25,2488,
'0:0:15.3,2611,
'0:0:15.35,2657,
'0:0:15.4,2624,
'0:0:15.45,2603,
'0:0:15.5,2620,
'0:0:15.55,2647,
'0:0:15.6,2637,
'0:0:15.65,2542,
'0:0:15.7,2515,
'0:0:15.75,2586,
'0:0:15.8,2576,
'0:0:15.85,2492,
'0:0:15.9,2407,
'0:0:15.95,2381,
'0:0:16.0,2374,
'0:0:16.05,2335,
'0:0:16.1,2335,
'0:0:16.15,2403,
'0:0:16.2,2451,
'0:0:16.25,2462,
'0:0:16.3,2492,
'0:0:16.35,2554,
'0:0:16.4,2631,
'0:0:16.45,2657,
'0:0:16.5,2610,
'0:0:16.55,2596,
'0:0:16.6,2645,
'0:0:16.65,2684,
'0:0:16.7,2688,
'0:0:16.75,2663,
'0:0:16.8,2639,
'0:0:16.85,2640,
'0:0:16.9,2665,
'0:0:16.95,2726,
'0:0:17.0,2813,
'0:0:17.05,2836,
'0:0:17.1,2796,
'0:0:17.15,2755,
'0:0:17.2,2763,
'0:0:17.25,2812,
'0:0:17.3,2807,
'0:0:17.35,2754,
'0:0:17.4,2762,
'0:0:17.45,2795,
'0:0:17.5,2776,
'0:0:17.55,2726,
'0:0:17.6,2679,
'0:0:17.65,2664,
'0:0:17.7,2678,
'0:0:17.75,2681,
'0:0:17.8,2724,
'0:0:17.85,2781,
'0:0:17.9,2740,
'0:0:17.95,2669,
'0:0:18.0,2634,
'0:0:18.05,2643,
'0:0:18.1,2654,
'0:0:18.15,2590,
'0:0:18.2,2533,
'0:0:18.25,2570,
'0:0:18.3,2590,
'0:0:18.35,2540,
'0:0:18.4,2472,
'0:0:18.45,2446,
'0:0:18.5,2445,
'0:0:18.55,2440,
'0:0:18.6,2484,
'0:0:18.65,2552,
'0:0:18.7,2529,
'0:0:18.75,2466,
'0:0:18.8,2461,
'0:0:18.85,2476,
'0:0:18.9,2445,
'0:0:18.95,2396,
'0:0:19.0,2403,
'0:0:19.05,2462,
'0:0:19.1,2482,
'0:0:19.15,2427,
'0:0:19.2,2347,
'0:0:19.25,2325,
'0:0:19.3,2366,
'0:0:19.35,2362,
'0:0:19.4,2351,
'0:0:19.45,2473,
'0:0:19.5,2592,
'0:0:19.55,2587,
'0:0:19.6,2575,
'0:0:19.65,2604,
'0:0:19.7,2647,
'0:0:19.75,2627,
'0:0:19.8,2600,
'0:0:19.85,2675,
'0:0:19.9,2758,
'0:0:19.95,2740,
'0:0:20.0,2686,
'0:0:20.05,2662,
'0:0:20.1,2673,
'0:0:20.15,2687,
'0:0:20.2,2692,
'0:0:20.25,2744,
'0:0:20.3,2821,
'0:0:20.35,2837,
'0:0:20.4,2827,
'0:0:20.45,2836,
'0:0:20.5,2864,
'0:0:20.55,2859,
'0:0:20.6,2844,
'0:0:20.65,2906,
'0:0:20.7,2980,
'0:0:20.75,2973,
'0:0:20.8,2940,
'0:0:20.85,2916,
'0:0:20.9,2884,
'0:0:20.95,2850,
'0:0:21.0,2811,
'0:0:21.05,2796,
'0:0:21.1,2844,
'0:0:21.15,2908,
'0:0:21.2,2907,
'0:0:21.25,2858,
'0:0:21.3,2808,
'0:0:21.35,2754,
'0:0:21.4,2680,
'0:0:21.45,2632,
'0:0:21.5,2662,
'0:0:21.55,2702,
'0:0:21.6,2665,
'0:0:21.65,2590,
'0:0:21.7,2532,
'0:0:21.75,2525,
'0:0:21.8,2509,
'0:0:21.85,2486,
'0:0:21.9,2538,
'0:0:21.95,2584,
'0:0:22.0,2537,
'0:0:22.05,2484,
'0:0:22.1,2492,
'0:0:22.15,2541,
'0:0:22.2,2573,
'0:0:22.25,2543,
'0:0:22.3,2549,
'0:0:22.35,2637,
'0:0:22.4,2677,
'0:0:22.45,2622,
'0:0:22.5,2539,
'0:0:22.55,2493,
'0:0:22.6,2494,
'0:0:22.65,2482,
'0:0:22.7,2458,
'0:0:22.75,2493,
'0:0:22.8,2516,
'0:0:22.85,2491,
'0:0:22.9,2480,
'0:0:22.95,2505,
'0:0:23.0,2551,
'0:0:23.05,2554,
'0:0:23.1,2562,
'0:0:23.15,2630,
'0:0:23.2,2665,
'0:0:23.25,2644,
'0:0:23.3,2641,
'0:0:23.35,2668,
'0:0:23.4,2706,
'0:0:23.45,2698,
'0:0:23.5,2705,
'0:0:23.55,2781,
'0:0:23.6,2819,
'0:0:23.65,2794,
'0:0:23.7,2778,
'0:0:23.75,2786,
'0:0:23.8,2838,
'0:0:23.85,2911,
'0:0:23.9,2936,
'0:0:23.95,2897,
'0:0:24.0,2894,
'0:0:24.05,2930,
'0:0:24.1,2924,
'0:0:24.15,2880,
'0:0:24.2,2825,
'0:0:24.25,2772,
'0:0:24.3,2703,
'0:0:24.35,2718,
'0:0:24.4,2802,
'0:0:24.45,2814,
'0:0:24.5,2750,
'0:0:24.55,2699,
'0:0:24.6,2685,
'0:0:24.65,2667,
'0:0:24.7,2619,
'0:0:24.75,2644,
'0:0:24.8,2720,
'0:0:24.85,2712,
'0:0:24.9,2647,
'0:0:24.95,2597,
'0:0:25.0,2577,
'0:0:25.05,2576,
'0:0:25.1,2547,
'0:0:25.15,2525,
'0:0:25.2,2576,
'0:0:25.25,2625,
'0:0:25.3,2582,
'0:0:25.35,2531,
'0:0:25.4,2534,
'0:0:25.45,2539,
'0:0:25.5,2522,
'0:0:25.55,2467,
'0:0:25.6,2450,
'0:0:25.65,2501,
'0:0:25.7,2515,
'0:0:25.75,2481,
'0:0:25.8,2441,
'0:0:25.85,2411,
'0:0:25.9,2399,
'0:0:25.95,2389,
'0:0:26.0,2334,
'0:0:26.05,2330,
'0:0:26.1,2405,
'0:0:26.15,2431,
'0:0:26.2,2427,
'0:0:26.25,2447,
'0:0:26.3,2503,
'0:0:26.35,2553,
'0:0:26.4,2574,
'0:0:26.45,2632,
'0:0:26.5,2718,
'0:0:26.55,2741,
'0:0:26.6,2750,
'0:0:26.65,2774,
'0:0:26.7,2807,
'0:0:26.75,2802,
'0:0:26.8,2796,
'0:0:26.85,2841,
'0:0:26.9,2887,
'0:0:26.95,2889,
'0:0:27.0,2887,
'0:0:27.05,2902,
'0:0:27.1,2927,
'0:0:27.15,2939,
'0:0:27.2,2938,
'0:0:27.25,2977,
'0:0:27.3,3069,
'0:0:27.35,3155,
'0:0:27.4,3202,
'0:0:27.45,3165,
'0:0:27.5,3092,
'0:0:27.55,3042,
'0:0:27.6,3046,
'0:0:27.65,3090,
'0:0:27.7,3049,
'0:0:27.75,2924,
'0:0:27.8,2813,
'0:0:27.85,2762,
'0:0:27.9,2752,
'0:0:27.95,2759,
'0:0:28.0,2732,
'0:0:28.05,2693,
'0:0:28.1,2695,
'0:0:28.15,2701,
'0:0:28.2,2682,
'0:0:28.25,2657,
'0:0:28.3,2626,
'0:0:28.35,2604,
'0:0:28.4,2570,
'0:0:28.45,2574,
'0:0:28.5,2626,
'0:0:28.55,2618,
'0:0:28.6,2542,
'0:0:28.65,2498,
'0:0:28.7,2501,
'0:0:28.75,2514,
'0:0:28.8,2508,
'0:0:28.85,2469,
'0:0:28.9,2500,
'0:0:28.95,2565,
'0:0:29.0,2553,
'0:0:29.05,2509,
'0:0:29.1,2447,
'0:0:29.15,2406,
'0:0:29.2,2393,
'0:0:29.25,2393,
'0:0:29.3,2461,
'0:0:29.35,2519,
'0:0:29.4,2505,
'0:0:29.45,2496,
'0:0:29.5,2506,
'0:0:29.55,2530,
'0:0:29.6,2584,
'0:0:29.65,2628,
'0:0:29.7,2625,
'0:0:29.75,2646,
'0:0:29.8,2720,
'0:0:29.85,2763,
'0:0:29.9,2775,
'0:0:29.95,2778,
'0:0:30.0,2789,
'0:0:30.05,2814,
'0:0:30.1,2860,
'0:0:30.15,2904,
'0:0:30.2,2976,
'0:0:30.25,3025,
'0:0:30.3,3017,
'0:0:30.35,2990,
'0:0:30.4,2973,
'0:0:30.45,2985,
'0:0:30.5,3002,
'0:0:30.55,3031,
'0:0:30.6,3092,
'0:0:30.65,3116,
'0:0:30.7,3091,
'0:0:30.75,3069,
'0:0:30.8,3072,
'0:0:30.85,3098,
'0:0:30.9,3090,
'0:0:30.95,3001,
'0:0:31.0,2914,
'0:0:31.05,2897,
'0:0:31.1,2869,
'0:0:31.15,2817,
'0:0:31.2,2767,
'0:0:31.25,2750,
'0:0:31.3,2745,
'0:0:31.35,2690,
'0:0:31.4,2624,
'0:0:31.45,2637,
'0:0:31.5,2652,
'0:0:31.55,2615,
'0:0:31.6,2560,
'0:0:31.65,2524,
'0:0:31.7,2514,
'0:0:31.75,2501,
'0:0:31.8,2465,
'0:0:31.85,2467,
'0:0:31.9,2497,
'0:0:31.95,2496,
'0:0:32.0,2479,
'0:0:32.05,2486,
'0:0:32.1,2536,
'0:0:32.15,2597,
'0:0:32.2,2578,
'0:0:32.25,2459,
'0:0:32.3,2444,
'0:0:32.35,2518,
'0:0:32.4,2492,
'0:0:32.45,2421,
'0:0:32.5,2381,
'0:0:32.55,2380,
'0:0:32.6,2374,
'0:0:32.65,2373,
'0:0:32.7,2429,
'0:0:32.75,2492,
'0:0:32.8,2503,
'0:0:32.85,2501,
'0:0:32.9,2527,
'0:0:32.95,2561,
'0:0:33.0,2586,
'0:0:33.05,2590,
'0:0:33.1,2632,
'0:0:33.15,2688,
'0:0:33.2,2693,
'0:0:33.25,2670,
'0:0:33.3,2670,
'0:0:33.35,2688,
'0:0:33.4,2685,
'0:0:33.45,2699,
'0:0:33.5,2780,
'0:0:33.55,2823,
'0:0:33.6,2803,
'0:0:33.65,2803,
'0:0:33.7,2847,
'0:0:33.75,2914,
'0:0:33.8,2972,
'0:0:33.85,2979,
'0:0:33.9,3020,
'0:0:33.95,3074,
'0:0:34.0,3075,
'0:0:34.05,3061,
'0:0:34.1,3043,
'0:0:34.15,3004,
'0:0:34.2,2926,
'0:0:34.25,2814,
'0:0:34.3,2688,
'0:0:34.35,2698,
'0:0:34.4,2779,
'0:0:34.45,2747,
'0:0:34.5,2654,
'0:0:34.55,2603,
'0:0:34.6,2597,
'0:0:34.65,2577,
'0:0:34.7,2554,
'0:0:34.75,2594,
'0:0:34.8,2608,
'0:0:34.85,2553,
'0:0:34.9,2501,
'0:0:34.95,2491,
'0:0:35.0,2504,
'0:0:35.05,2502,
'0:0:35.1,2483,
'0:0:35.15,2532,
'0:0:35.2,2621,
'0:0:35.25,2608,
'0:0:35.3,2543,
'0:0:35.35,2521,
'0:0:35.4,2517,
'0:0:35.45,2505,
'0:0:35.5,2499,
'0:0:35.55,2511,
'0:0:35.6,2499,
'0:0:35.65,2453,
'0:0:35.7,2422,
'0:0:35.75,2419,
'0:0:35.8,2418,
'0:0:35.85,2408,
'0:0:35.9,2409,
'0:0:35.95,2472,
'0:0:36.0,2546,
'0:0:36.05,2520,
'0:0:36.1,2463,
'0:0:36.15,2458,
'0:0:36.2,2499,
'0:0:36.25,2540,
'0:0:36.3,2521,
'0:0:36.35,2533,
'0:0:36.4,2601,
'0:0:36.45,2630,
'0:0:36.5,2642,
'0:0:36.55,2666,
'0:0:36.6,2703,
'0:0:36.65,2715,
'0:0:36.7,2690,
'0:0:36.75,2724,
'0:0:36.8,2804,
'0:0:36.85,2813,
'0:0:36.9,2790,
'0:0:36.95,2796,
'0:0:37.0,2839,
'0:0:37.05,2889,
'0:0:37.1,2896,
'0:0:37.15,2891,
'0:0:37.2,2945,
'0:0:37.25,2990,
'0:0:37.3,2986,
'0:0:37.35,2960,
'0:0:37.4,2925,
'0:0:37.45,2874,
'0:0:37.5,2776,
'0:0:37.55,2734,
'0:0:37.6,2771,
'0:0:37.65,2750,
'0:0:37.7,2663,
'0:0:37.75,2616,
'0:0:37.8,2605,
'0:0:37.85,2602,
'0:0:37.9,2565,
'0:0:37.95,2514,
'0:0:38.0,2530,
'0:0:38.05,2558,
'0:0:38.1,2530,
'0:0:38.15,2483,
'0:0:38.2,2443,
'0:0:38.25,2433,
'0:0:38.3,2433,
'0:0:38.35,2431,
'0:0:38.4,2448,
'0:0:38.45,2485,
'0:0:38.5,2489,
'0:0:38.55,2467,
'0:0:38.6,2471,
'0:0:38.65,2503,
'0:0:38.7,2556,
'0:0:38.75,2519,
'0:0:38.8,2486,
'0:0:38.85,2559,
'0:0:38.9,2565,
'0:0:38.95,2503,
'0:0:39.0,2488,
'0:0:39.05,2520,
'0:0:39.1,2499,
'0:0:39.15,2465,
'0:0:39.2,2510,
'0:0:39.25,2507,
'0:0:39.3,2426,
'0:0:39.35,2380,
'0:0:39.4,2371,
'0:0:39.45,2379,
'0:0:39.5,2363,
'0:0:39.55,2348,
'0:0:39.6,2402,
'0:0:39.65,2471,
'0:0:39.7,2503,
'0:0:39.75,2513,
'0:0:39.8,2517,
'0:0:39.85,2528,
'0:0:39.9,2543,
'0:0:39.95,2556,
'0:0:40.0,2615,
'0:0:40.05,2686,
'0:0:40.1,2708,
'0:0:40.15,2700,
'0:0:40.2,2697,
'0:0:40.25,2713,
'0:0:40.3,2716,
'0:0:40.35,2697,
'0:0:40.4,2735,
'0:0:40.45,2790,
'0:0:40.5,2801,
'0:0:40.55,2787,
'0:0:40.6,2775,
'0:0:40.65,2781,
'0:0:40.7,2793,
'0:0:40.75,2806,
'0:0:40.8,2902,
'0:0:40.85,3017,
'0:0:40.9,3018,
'0:0:40.95,2967,
'0:0:41.0,2962,
'0:0:41.05,2993,
'0:0:41.1,2997,
'0:0:41.15,2912,
'0:0:41.2,2848,
'0:0:41.25,2850,
'0:0:41.3,2799,
'0:0:41.35,2730,
'0:0:41.4,2681,
'0:0:41.45,2646,
'0:0:41.5,2605,
'0:0:41.55,2558,
'0:0:41.6,2541,
'0:0:41.65,2594,
'0:0:41.7,2619,
'0:0:41.75,2572,
'0:0:41.8,2528,
'0:0:41.85,2517,
'0:0:41.9,2533,
'0:0:41.95,2525,
'0:0:42.0,2488,
'0:0:42.05,2488,
'0:0:42.1,2475,
'0:0:42.15,2446,
'0:0:42.2,2438,
'0:0:42.25,2438,
'0:0:42.3,2443,
'0:0:42.35,2433,
'0:0:42.4,2432,
'0:0:42.45,2473,
'0:0:42.5,2544,
'0:0:42.55,2544,
'0:0:42.6,2488,
'0:0:42.65,2478,
'0:0:42.7,2493,
'0:0:42.75,2479,
'0:0:42.8,2434,
'0:0:42.85,2460,
'0:0:42.9,2500,
'0:0:42.95,2447,
'0:0:43.0,2354,
'0:0:43.05,2305,
'0:0:43.1,2301,
'0:0:43.15,2318,
'0:0:43.2,2339,
'0:0:43.25,2350,
'0:0:43.3,2377,
'0:0:43.35,2407,
'0:0:43.4,2428,
'0:0:43.45,2438,
'0:0:43.5,2437,
'0:0:43.55,2433,
'0:0:43.6,2446,
'0:0:43.65,2515,
'0:0:43.7,2580,
'0:0:43.75,2584,
'0:0:43.8,2585,
'0:0:43.85,2602,
'0:0:43.9,2627,
'0:0:43.95,2632,
'0:0:44.0,2649,
'0:0:44.05,2709,
'0:0:44.1,2766,
'0:0:44.15,2769,
'0:0:44.2,2760,
'0:0:44.25,2781,
'0:0:44.3,2822,
'0:0:44.35,2822,
'0:0:44.4,2800,
'0:0:44.45,2839,
'0:0:44.5,2899,
'0:0:44.55,2903,
'0:0:44.6,2873,
'0:0:44.65,2860,
'0:0:44.7,2850,
'0:0:44.75,2820,
'0:0:44.8,2829,
'0:0:44.85,2904,
'0:0:44.9,2958,
'0:0:44.95,2932,
'0:0:45.0,2882,
'0:0:45.05,2842,
'0:0:45.1,2783,
'0:0:45.15,2707,
'0:0:45.2,2672,
'0:0:45.25,2707,
'0:0:45.3,2680,
'0:0:45.35,2599,
'0:0:45.4,2556,
'0:0:45.45,2557,
'0:0:45.5,2568,
'0:0:45.55,2544,
'0:0:45.6,2524,
'0:0:45.65,2571,
'0:0:45.7,2611,
'0:0:45.75,2577,
'0:0:45.8,2527,
'0:0:45.85,2521,
'0:0:45.9,2542,
'0:0:45.95,2546,
'0:0:46.0,2510,
'0:0:46.05,2527,
'0:0:46.1,2585,
'0:0:46.15,2559,
'0:0:46.2,2493,
'0:0:46.25,2465,
'0:0:46.3,2477,
'0:0:46.35,2475,
'0:0:46.4,2437,
'0:0:46.45,2445,
'0:0:46.5,2491,
'0:0:46.55,2480,
'0:0:46.6,2448,
'0:0:46.65,2442,
'0:0:46.7,2437,
'0:0:46.75,2423,
'0:0:46.8,2398,
'0:0:46.85,2430,
'0:0:46.9,2453,
'0:0:46.95,2408,
'0:0:47.0,2370,
'0:0:47.05,2365,
'0:0:47.1,2387,
'0:0:47.15,2392,
'0:0:47.2,2356,
'0:0:47.25,2366,
'0:0:47.3,2445,
'0:0:47.35,2490,
'0:0:47.4,2500,
'0:0:47.45,2516,
'0:0:47.5,2565,
'0:0:47.55,2630,
'0:0:47.6,2637,
'0:0:47.65,2631,
'0:0:47.7,2687,
'0:0:47.75,2710,
'0:0:47.8,2692,
'0:0:47.85,2681,
'0:0:47.9,2692,
'0:0:47.95,2708,
'0:0:48.0,2690,
'0:0:48.05,2697,
'0:0:48.1,2773,
'0:0:48.15,2813,
'0:0:48.2,2790,
'0:0:48.25,2780,
'0:0:48.3,2814,
'0:0:48.35,2860,
'0:0:48.4,2854,
'0:0:48.45,2867,
'0:0:48.5,2948,
'0:0:48.55,2958,
'0:0:48.6,2906,
'0:0:48.65,2868,
'0:0:48.7,2836,
'0:0:48.75,2785,
'0:0:48.8,2693,
'0:0:48.85,2612,
'0:0:48.9,2611,
'0:0:48.95,2641,
'0:0:49.0,2605,
'0:0:49.05,2557,
'0:0:49.1,2547,
'0:0:49.15,2567,
'0:0:49.2,2589,
'0:0:49.25,2539,
'0:0:49.3,2539,
'0:0:49.35,2615,
'0:0:49.4,2594,
'0:0:49.45,2527,
'0:0:49.5,2498,
'0:0:49.55,2504,
'0:0:49.6,2517,
'0:0:49.65,2497,
'0:0:49.7,2469,
'0:0:49.75,2512,
'0:0:49.8,2530,
'0:0:49.85,2475,
'0:0:49.9,2440,
'0:0:49.95,2452,
'0:0:50.0,2508,
'0:0:50.05,2468,
'0:0:50.1,2423,
'0:0:50.15,2474,
'0:0:50.2,2462,
'0:0:50.25,2407,
'0:0:50.3,2364,
'0:0:50.35,2362,
'0:0:50.4,2380,
'0:0:50.45,2348,
'0:0:50.5,2329,
'0:0:50.55,2406,
'0:0:50.6,2478,
'0:0:50.65,2477,
'0:0:50.7,2481,
'0:0:50.75,2529,
'0:0:50.8,2571,
'0:0:50.85,2583,
'0:0:50.9,2671,
'0:0:50.95,2760,
'0:0:51.0,2773,
'0:0:51.05,2771,
'0:0:51.1,2783,
'0:0:51.15,2803,
'0:0:51.2,2797,
'0:0:51.25,2787,
'0:0:51.3,2831,
'0:0:51.35,2875,
'0:0:51.4,2867,
'0:0:51.45,2860,
'0:0:51.5,2903,
'0:0:51.55,2943,
'0:0:51.6,2934,
'0:0:51.65,2941,
'0:0:51.7,2990,
'0:0:51.75,3001,
'0:0:51.8,2968,
'0:0:51.85,2930,
'0:0:51.9,2903,
'0:0:51.95,2861,
'0:0:52.0,2792,
'0:0:52.05,2778,
'0:0:52.1,2792,
'0:0:52.15,2757,
'0:0:52.2,2702,
'0:0:52.25,2676,
'0:0:52.3,2681,
'0:0:52.35,2672,
'0:0:52.4,2627,
'0:0:52.45,2679,
'0:0:52.5,2788,
'0:0:52.55,2773,
'0:0:52.6,2688,
'0:0:52.65,2640,
'0:0:52.7,2625,
'0:0:52.75,2614,
'0:0:52.8,2626,
'0:0:52.85,2710,
'0:0:52.9,2762,
'0:0:52.95,2712,
'0:0:53.0,2650,
'0:0:53.05,2615,
'0:0:53.1,2595,
'0:0:53.15,2560,
'0:0:53.2,2545,
'0:0:53.25,2572,
'0:0:53.3,2552,
'0:0:53.35,2492,
'0:0:53.4,2497,
'0:0:53.45,2567,
'0:0:53.5,2629,
'0:0:53.55,2637,
'0:0:53.6,2550,
'0:0:53.65,2471,
'0:0:53.7,2460,
'0:0:53.75,2417,
'0:0:53.8,2356,
'0:0:53.85,2347,
'0:0:53.9,2383,
'0:0:53.95,2403,
'0:0:54.0,2393,
'0:0:54.05,2444,
'0:0:54.1,2519,
'0:0:54.15,2512,
'0:0:54.2,2472,
'0:0:54.25,2471,
'0:0:54.3,2507,
'0:0:54.35,2503,
'0:0:54.4,2495,
'0:0:54.45,2567,
'0:0:54.5,2631,
'0:0:54.55,2613,
'0:0:54.6,2604,
'0:0:54.65,2642,
'0:0:54.7,2692,
'0:0:54.75,2696,
'0:0:54.8,2730,
'0:0:54.85,2818,
'0:0:54.9,2838,
'0:0:54.95,2803,
'0:0:55.0,2791,
'0:0:55.05,2806,
'0:0:55.1,2822,
'0:0:55.15,2795,
'0:0:55.2,2754,
'0:0:55.25,2770,
'0:0:55.3,2776,
'0:0:55.35,2726,
'0:0:55.4,2682,
'0:0:55.45,2663,
'0:0:55.5,2620,
'0:0:55.55,2597,
'0:0:55.6,2663,
'0:0:55.65,2688,
'0:0:55.7,2608,
'0:0:55.75,2538,
'0:0:55.8,2508,
'0:0:55.85,2523,
'0:0:55.9,2525,
'0:0:55.95,2530,
'0:0:56.0,2611,
'0:0:56.05,2646,
'0:0:56.1,2575,
'0:0:56.15,2516,
'0:0:56.2,2512,
'0:0:56.25,2542,
'0:0:56.3,2533,
'0:0:56.35,2530,
'0:0:56.4,2627,
'0:0:56.45,2632,
'0:0:56.5,2516,
'0:0:56.55,2473,
'0:0:56.6,2504,
'0:0:56.65,2526,
'0:0:56.7,2460,
'0:0:56.75,2416,
'0:0:56.8,2458,
'0:0:56.85,2459,
'0:0:56.9,2409,
'0:0:56.95,2370,
'0:0:57.0,2376,
'0:0:57.05,2412,
'0:0:57.1,2419,
'0:0:57.15,2443,
'0:0:57.2,2498,
'0:0:57.25,2507,
'0:0:57.3,2487,
'0:0:57.35,2478,
'0:0:57.4,2483,
'0:0:57.45,2479,
'0:0:57.5,2492,
'0:0:57.55,2575,
'0:0:57.6,2636,
'0:0:57.65,2611,
'0:0:57.7,2596,
'0:0:57.75,2616,
'0:0:57.8,2641,
'0:0:57.85,2629,
'0:0:57.9,2617,
'0:0:57.95,2676,
'0:0:58.0,2730,
'0:0:58.05,2711,
'0:0:58.1,2694,
'0:0:58.15,2719,
'0:0:58.2,2761,
'0:0:58.25,2780,
'0:0:58.3,2764,
'0:0:58.35,2770,
'0:0:58.4,2827,
'0:0:58.45,2842,
'0:0:58.5,2776,
'0:0:58.55,2695,
'0:0:58.6,2655,
'0:0:58.65,2652,
'0:0:58.7,2642,
'0:0:58.75,2597,
'0:0:58.8,2594,
'0:0:58.85,2623,
'0:0:58.9,2605,
'0:0:58.95,2560,
'0:0:59.0,2518,
'0:0:59.05,2517,
'0:0:59.1,2530,
'0:0:59.15,2539,
'0:0:59.2,2515,
'0:0:59.25,2519,
'0:0:59.3,2554,
'0:0:59.35,2516,
'0:0:59.4,2457,
'0:0:59.45,2454,
'0:0:59.5,2464,
'0:0:59.55,2456,
'0:0:59.6,2424,
'0:0:59.65,2392,
'0:0:59.7,2398,
'0:0:59.75,2403,
'0:0:59.8,2382,
'0:0:59.85,2363,
'0:0:59.9,2354,
'0:0:59.95,2364,
'0:1:0,2394,
,,
sys info:[91~54~52~93~44~91~34~51~54~126~49~126~49~126~49~126~35~54~98~49~97~54~98~126~76~101~102~116~126~50~48~48~48~48~126~48~126~89~101~115~34~93~44~91~34~82~97~116~101~34~93~44~91~56~93~44~91~34~82~101~115~101~114~118~101~34~93~44~91~34~78~111~110~101~34~93~44~91~34~84~111~116~97~108~95~115~97~109~112~108~101~115~34~93~44~91~49~50~48~49~93~44~91~34~69~120~112~32~73~68~34~93~44~91~34~50~48~50~51~45~48~55~45~48~54~32~49~55~58~53~49~58~52~50~46~56~49~49~48~48~48~34~93],,
,,
Attention! Any change in the file may prevent reading its data.,,
