{
  "output":
  [
    {
      "name": "Acc x [g]",
      "type": "float"
    },
    {
      "name": "Acc y [g]",
      "type": "float"
    },
    {
      "name": "Acc z [g]",
      "type": "float"
    },
    {
      "name": "Bias x [g]",
      "type": "float"
    },
    {
      "name": "Bias y [g]",
      "type": "float"
    },
    {
      "name": "Bias z [g]",
      "type": "float"
    },
    {
      "name": "Scale x",
      "type": "float"
    },
    {
      "name": "Scale y",
      "type": "float"
    },
    {
      "name": "Scale z",
      "type": "float"
    },
    {
      "name": "Acc accuracy",
      "type": "uint8_t"
    }
  ]
}

