{
  "output":
  [
    {
      "name": "Mode",
      "type": "int16_t"
    },
    {
      "name": "Window Counter",
      "type": "int16_t"
    },
    {
      "name": "Rep Count",
      "type": "int16_t"
    },
    {
      "name": "Activity ID",
      "type": "int16_t"
    },
    {
      "name": "UQI Value",
      "type": "float"
    },
    {
      "name": "Training Status",
      "type": "int16_t"
    },
    {
      "name": "Erase Status",
      "type": "int16_t"
    },
    {
      "name": "Index to Erase",
      "type": "int16_t"
    },
    {
      "name": "Metric 0",
      "type": "float"
    },
    {
      "name": "Metric 1",
      "type": "float"
    },
    {
      "name": "Metric 2",
      "type": "float"
    },
    {
      "name": "Metric 3",
      "type": "float"
    }
  ]
}
